Opponent,Stage,Map,Whose Pick?,Rounds Won,Rounds Lost,Win/Loss?,skuba Agent,s0m Agent,mada Agent,Ethan Agent,Brawk Agent,Verno Agent,FNS Agent,skuba Rating,s0m Rating,mada Rating,Ethan Rating,Brawk Rating,Verno Rating,FNS Rating
C9,Kickoff UR1,Fracture,NRG,12,14,0,,Brimstone,Raze,Breach,,Sova,Killjoy,,1.72,1.24,0.91,,0.83,0.51
C9,Kickoff UR1,Lotus,Opponent,10,13,0,,Viper,Raze,Omen,,Fade,Vyse,,0.94,0.86,1.21,,1.02,1.05
100T,Kickoff LR1,Lotus,Opponent,12,14,0,,Omen,Raze,Tejo,,Vyse,Breach,,0.87,1.23,0.59,,1.22,1.11
100T,Kickoff LR1,Pearl,NRG,13,9,1,,Astra,Jett,Tejo,,Vyse,Breach,,1.47,1.66,0.85,,0.84,1.17
100T,Kickoff LR1,Bind,Decider,13,9,1,,Brimstone,Raze,KAY/O,,Fade,Viper,,1.08,1.54,0.91,,1.32,1.03
KRU,Kickoff LR2,Abyss,Opponent,8,13,0,,Harbor,Yoru,Omen,,Sova,Vyse,,1.02,1.33,1.42,,0.63,0.33
KRU,Kickoff LR2,Haven,NRG,13,10,1,,Omen,Neon,Breach,,Sova,Cypher,,0.74,1.64,1.63,,0.84,0.44
KRU,Kickoff LR2,Bind,Decider,7,13,0,,Brimstone,Raze,KAY/O,,Fade,Viper,,0.99,0.83,0.57,,0.75,0.64
C9,Group Stage W1,Lotus,NRG,13,6,1,,Omen,Neon,Breach,Tejo,,Vyse,,1.63,0.61,1.27,1.49,,1.11
C9,Group Stage W1,Fracture,Opponent,5,13,0,,Brimstone,Raze,Breach,Tejo,,Cypher,,0.84,1.09,0.89,0.61,,0.61
C9,Group Stage W1,Pearl,Decider,9,13,0,,Astra,Neon,Yoru,Sova,,Killjoy,,1.49,1.13,0.25,1.04,,0.68
FUR,Group Stage W2,Lotus,NRG,10,13,0,,Omen,Neon,Breach,Tejo,,Vyse,,1.58,0.6,0.92,0.92,,0.93
FUR,Group Stage W2,Pearl,Opponent,13,2,1,,Astra,Jett,Yoru,Sova,,Killjoy,,1.34,1.49,1.58,1.76,,0.86
FUR,Group Stage W2,Fracture,Decider,13,4,1,,Brimstone,Raze,Breach,Tejo,,Cypher,,1.31,2.17,1.42,1,,1.13
G2,Group Stage W3,Lotus,NRG,1,13,0,,Omen,Raze,Breach,Tejo,,Vyse,,0.55,0.45,0.7,0.71,,0.57
G2,Group Stage W3,Ascent,Opponent,6,13,0,,Omen,Jett,KAY/O,Sova,,Cypher,,0.8,0.94,1.05,1.05,,0.85
MIBR,Group Stage W4,Haven,NRG,6,13,0,,Omen,Jett,Yoru,Sova,,Cypher,,0.5,1.48,1.03,0.77,,0.48
MIBR,Group Stage W4,Icebox,Opponent,5,13,0,,Viper,Jett,Harbor,Sova,,Killjoy,,0.8,0.64,1.45,0.51,,0.86
LEV,Group Stage W5,Fracture,NRG,15,13,1,,Brimstone,Raze,Breach,Tejo,,Cypher,,1.07,1.38,1.32,1.04,,0.69
LEV,Group Stage W5,Icebox,Opponent,13,8,1,,Viper,Reyna,KAY/O,Gekko,,Killjoy,,1.33,1.55,1.34,1.22,,0.64
100T,Playoffs 1 LR1,Fracture,Opponent,5,13,0,,Brimstone,Raze,Breach,Tejo,,Cypher,,0.46,1.05,0.89,0.73,,0.73
100T,Playoffs 1 LR1,Haven,NRG,11,13,0,,Omen,Jett,Breach,Tejo,,Cypher,,1.18,0.89,0.99,0.99,,0.69
LEV,EWC UQF,Pearl,NRG,15,13,1,Astra,Vyse,Jett,KAY/O,Tejo,,,1.47,0.98,1.17,0.89,0.9,,
LEV,EWC UQF,Icebox,Opponent,13,8,1,Viper,Killjoy,Jett,Harbor,Sova,,,0.9,1.6,0.83,0.74,1.22,,
100T,EWC USF,Haven,Opponent,13,7,1,Cypher,Omen,Neon,Breach,Sova,,,1.63,1.05,0.51,1.12,1.73,,
100T,EWC USF,Ascent,NRG,9,13,0,Omen,Vyse,Jett,KAY/O,Tejo,,,0.81,1.15,0.64,0.87,0.92,,
100T,EWC USF,Fracture,Decider,9,13,0,Brimstone,Vyse,Raze,Breach,Tejo,,,1.01,1.17,1.31,0.76,0.78,,
2G,EWC LR2,Pearl,NRG,13,4,1,Astra,Vyse,Jett,KAY/O,Tejo,,,1.49,1.32,1.27,0.91,1.46,,
2G,EWC LR2,Haven,Opponent,13,7,1,Cypher,Omen,Neon,Breach,Sova,,,1.4,1.31,1.39,0.76,1.04,,
KRU,EWC LR3,Lotus,NRG,13,10,1,Viper,Omen,Neon,Breach,Tejo,,,1.08,1.44,1.08,0.92,0.92,,
KRU,EWC LR3,Icebox,Opponent,13,4,1,Viper,Killjoy,Jett,Harbor,Sova,,,1.39,1.16,1.31,1.55,0.81,,
C9,EWC LF,Split,Opponent,13,9,1,Viper,Omen,Raze,Skye,Vyse,,,1.02,0.97,1.25,0.7,1.47,,
C9,EWC LF,Icebox,NRG,13,9,1,Viper,Killjoy,Jett,Harbor,Sova,,,1.1,0.86,1.67,1.24,1.03,,
MIBR,EWC AQ Opener,Split,NRG,13,10,1,Viper,Omen,Raze,Skye,Vyse,,,1.44,0.86,1.27,1.18,0.26,,
MIBR,EWC AQ Opener,Icebox,Opponent,15,13,1,Viper,Killjoy,Jett,Harbor,Sova,,,0.97,0.91,1.14,0.74,1.47,,
100T,EWC AQ UF,Pearl,Opponent,13,5,1,Astra,Vyse,Jett,KAY/O,Tejo,,,1.3,0.91,1.09,1.21,1.53,,
100T,EWC AQ UF,Split,NRG,11,13,0,Viper,Omen,Raze,Skye,Vyse,,,0.71,1.51,0.86,0.58,0.89,,
100T,EWC AQ UF,Haven,Opponent,13,11,1,Cypher,Omen,Neon,Breach,Sova,,,1.32,1.28,0.83,1.02,1.07,,
100T,EWC AQ UF,Icebox,NRG,13,7,1,Viper,Killjoy,Jett,Harbor,Sova,,,0.85,1.46,1.58,1.17,1.12,,
TH,EWC Group Opener,Lotus,Decider,13,4,1,Viper,Omen,Raze,Fade,Vyse,,,1.52,1.18,1.28,1.23,1.48,,
RRQ,EWC Group Winners',Split,NRG,13,7,1,Viper,Omen,Raze,Skye,Vyse,,,1.26,0.83,0.93,1.54,1.26,,
RRQ,EWC Group Winners',Pearl,Opponent,13,8,1,Astra,Vyse,Jett,KAY/O,Sova,,,1.33,1.39,1.46,1.25,0.97,,
GEN,EWC QF,Sunset,Opponent,6,13,0,Cypher,Omen,Neon,Breach,Fade,,,1.04,1.33,0.25,0.65,0.65,,
GEN,EWC QF,Icebox,NRG,10,13,0,Viper,Killjoy,Jett,Harbor,Sova,,,1.09,0.38,1.12,0.69,1.23,,
100T,2 Group Stage W1,Bind,Opponent,10,13,0,Viper,Brimstone,Raze,KAY/O,Fade,,,1.11,1.02,0.62,1.14,0.82,,
100T,2 Group Stage W1,Sunset,NRG,4,13,0,Viper,Deadlock,Neon,Omen,Sova,,,0.85,0.25,0.54,0.56,0.9,,
LOUD,2 Group Stage W2,Haven,Opponent,13,4,1,Killjoy,Viper,Neon,Omen,Sova,,,1.1,1.26,1.41,1.04,1.58,,
LOUD,2 Group Stage W2,Corrode,NRG,13,9,1,Viper,Omen,Waylay,KAY/O,Sova,,,1.26,1.36,1.04,0.94,1.28,,
LEV,2 Group Stage W3,Lotus,NRG,13,7,1,Viper,Omen,Raze,Fade,Vyse,,,0.81,1.22,0.9,1.18,1.55,,
LEV,2 Group Stage W3,Haven,Opponent,12,14,0,Killjoy,Viper,Neon,Omen,Sova,,,1.05,0.96,1.22,0.66,1.04,,
LEV,2 Group Stage W3,Icebox,Decider,13,11,1,Viper,Killjoy,Jett,Harbor,Sova,,,1.03,1.12,1.51,0.84,0.71,,
MIBR,2 Group Stage W4,Lotus,NRG,15,13,1,Viper,Omen,Raze,Fade,Vyse,,,1.38,1.05,0.85,0.85,1.07,,
MIBR,2 Group Stage W4,Bind,Opponent,13,10,1,Viper,Brimstone,Raze,KAY/O,Fade,,,0.94,1.44,1.38,0.54,0.57,,
KRU,2 Group Stage W5,Sunset,Opponent,6,13,0,Omen,Cypher,Raze,Breach,Sova,,,1.05,0.55,0.97,0.69,0.8,,
KRU,2 Group Stage W5,Lotus,NRG,13,7,1,Viper,Omen,Raze,Fade,Vyse,,,1.57,0.8,0.97,0.88,1.85,,
KRU,2 Group Stage W5,Haven,Decider,13,5,1,Killjoy,Viper,Neon,Omen,Sova,,,1.31,1.25,1.19,1.66,1.11,,
G2,2 Playoffs USF,Corrode,NRG,13,10,1,Viper,Omen,Waylay,KAY/O,Sova,,,1.25,1.46,0.91,1.03,0.72,,
G2,2 Playoffs USF,Sunset,Opponent,11,13,0,Cypher,Omen,Neon,Breach,Sova,,,0.58,1.28,1.3,1.14,0.76,,
G2,2 Playoffs USF,Bind,Decider,7,13,0,Viper,Brimstone,Raze,KAY/O,Fade,,,0.73,1.38,0.79,0.6,0.52,,
LEV,2 Playoffs LR2,Ascent,Opponent,13,2,1,Vyse,Omen,Jett,KAY/O,Sova,,,1.13,1.28,1.41,1.38,1.68,,
LEV,2 Playoffs LR2,Icebox,NRG,13,2,1,Viper,Killjoy,Jett,Harbor,Sova,,,1.18,1.18,1.49,1.75,1.69,,
C9,2 Playoffs LR3,Haven,NRG,10,13,0,Killjoy,Viper,Neon,Omen,Sova,,,1.1,1.26,0.82,0.79,0.82,,
C9,2 Playoffs LR3,Corrode,Opponent,13,2,1,Viper,Omen,Waylay,KAY/O,Sova,,,0.85,1.12,2,1.34,1.85,,
C9,2 Playoffs LR3,Lotus,Decider,13,10,1,Viper,Omen,Raze,Fade,Vyse,,,0.85,1.3,1.14,1.32,1.4,,
SEN,2 Playoffs LF,Lotus,Opponent,13,4,1,Viper,Omen,Raze,Fade,Vyse,,,1.29,0.92,0.59,1.79,1.81,,
SEN,2 Playoffs LF,Icebox,NRG,13,11,1,Viper,Killjoy,Jett,Harbor,Sova,,,1.02,0.52,0.97,1.05,1.6,,
SEN,2 Playoffs LF,Sunset,Opponent,10,13,0,Cypher,Omen,Neon,Breach,Sova,,,0.92,0.48,0.8,1.11,1.12,,
SEN,2 Playoffs LF,Corrode,NRG,13,8,1,Viper,Omen,Waylay,KAY/O,Sova,,,1.15,0.69,1.13,1.06,1.38,,
G2,2 Playoffs GF,Bind,Opponent,13,11,1,Viper,Brimstone,Raze,KAY/O,Fade,,,1.12,1.06,0.78,1.23,1.08,,
G2,2 Playoffs GF,Lotus,NRG,13,8,1,Viper,Omen,Raze,Fade,Vyse,,,1.16,1.17,0.71,0.73,0.48,,
G2,2 Playoffs GF,Ascent,Opponent,13,10,1,Vyse,Omen,Jett,KAY/O,Sova,,,1,0.76,1,0.93,1.31,,
EDG,Groups Opener,Abyss,Opponent,17,15,1,Vyse,Harbor,Yoru,Omen,Sova,,,1.15,0.81,1.23,1.02,1.02,,
EDG,Groups Opener,Corrode,NRG,13,11,1,Viper,Omen,Waylay,KAY/O,Sova,,,1.29,1.3,0.69,1.3,0.7,,
DRX,Groups Winners',Haven,Opponent,4,13,0,Killjoy,Viper,Neon,Omen,Sova,,,1.05,0.75,0.96,0.66,0.71,,
DRX,Groups Winners',Corrode,NRG,13,11,1,Viper,Omen,Waylay,KAY/O,Sova,,,1.09,1.13,1.17,0.64,0.98,,
DRX,Groups Winners',Lotus,Decider,13,11,1,Viper,Omen,Raze,Fade,Vyse,,,0.91,1.03,0.96,1.07,1.65,,
GX,Upper QF,Haven,NRG,13,1,1,Killjoy,Viper,Neon,Omen,Sova,,,0.83,1.38,1.52,1.03,2.4,,
GX,Upper QF,Lotus,Opponent,13,6,1,Viper,Omen,Raze,Fade,Vyse,,,1.51,1.16,1.5,0.91,1.15,,
MIBR,Upper SF,Abyss,Opponent,16,14,1,Vyse,Harbor,Yoru,Omen,Sova,,,0.73,0.79,1.08,0.88,0.95,,
MIBR,Upper SF,Haven,NRG,13,4,1,Killjoy,Viper,Neon,Omen,Sova,,,0.64,0.61,0.42,0.43,0.95,,
MIBR,Upper SF,Corrode,Decider,16,14,1,Viper,Omen,Waylay,KAY/O,Sova,,,1.15,1.24,0.85,1.06,1.01,,
FNC,Upper Finals,Ascent,Opponent,14,12,1,Vyse,Omen,Jett,KAY/O,Sova,,,1.18,1.19,0.66,0.88,1.22,,
FNC,Upper Finals,Abyss,NRG,13,5,1,Vyse,Harbor,Yoru,Omen,Sova,,,1.52,1.07,1.23,1.03,1.12,,
FNC,Grand Finals,Corrode,NRG,13,3,1,Viper,Omen,Waylay,KAY/O,Sova,,,0.98,1.11,1.41,1.22,1.93,,
FNC,Grand Finals,Lotus,Opponent,13,6,1,Viper,Omen,Raze,Fade,Vyse,,,1.2,0.88,1.27,0.89,1.04,,
FNC,Grand Finals,Abyss,NRG,13,15,0,Vyse,Harbor,Yoru,Omen,Sova,,,1.2,0.53,0.82,1,1.18,,
FNC,Grand Finals,Ascent,Opponent,8,13,0,Vyse,Omen,Jett,KAY/O,Sova,,,0.81,1,0.8,0.91,1.22,,
FNC,Grand Finals,Sunset,Decider,13,5,1,Cypher,Omen,Neon,Breach,Sova,,,1.19,1,0.74,1.71,1.12,,
,,,,,,,,,,,,,,0.238428481,0.289629644,0.328095661,0.302415171,0.395662316,,
,,,,,,,,46,,,,,,1.111363636,1.066818182,1.088522727,1.020227273,1.12375,,
,,,,,,,,,,,,,,,,,,,,
,,,,,,,,,,,,,,14,21,24,16,22,,
